{"stats":{"minecraft:crafted":{"biomesoplenty:fir_planks":4,"minecraft:crafting_table":1},"minecraft:picked_up":{"biomesoplenty:fir_log":1,"grimoireofgaia:shiny_pearl":2,"botania:magenta_mystical_flower":1,"minecraft:wheat_seeds":9,"minecraft:spruce_planks":1,"minecraft:iron_nugget":3,"alexsmobs:banana_slug_slime":5,"minecraft:sugar_cane":1},"minecraft:dropped":{"minecraft:wheat_seeds":9,"minecraft:iron_nugget":2},"minecraft:killed":{"alexsmobs:banana_slug":2,"grimoireofgaia:cecaelia":1},"minecraft:killed_by":{"grimoireofgaia:cecaelia":1},"minecraft:used":{"minecraft:netherite_sword":7,"minecraft:spruce_planks":1,"minecraft:sugar_cane":1,"minecraft:crafting_table":1,"minecraft:cooked_porkchop":5,"botania:magenta_mystical_flower":1,"alexsmobs:animal_dictionary":1},"minecraft:custom":{"minecraft:time_since_rest":10508,"minecraft:sprint_one_cm":91483,"minecraft:walk_one_cm":43008,"minecraft:damage_taken":892,"minecraft:mob_kills":3,"minecraft:drop":11,"minecraft:damage_dealt":554,"minecraft:swim_one_cm":15169,"minecraft:interact_with_crafting_table":2,"minecraft:fly_one_cm":135088,"minecraft:open_chest":1,"minecraft:crouch_one_cm":219,"minecraft:play_time":55517,"minecraft:deaths":1,"minecraft:sneak_time":204,"minecraft:walk_under_water_one_cm":3028,"minecraft:jump":620,"minecraft:leave_game":2,"minecraft:walk_on_water_one_cm":3666,"minecraft:time_since_death":10482,"minecraft:total_world_time":55517,"minecraft:fall_one_cm":17915},"minecraft:mined":{"minecraft:spruce_planks":1,"botania:magenta_mystical_flower":1,"biomesoplenty:fir_log":1,"minecraft:grass":46,"biomesoplenty:fir_leaves":9,"minecraft:sugar_cane":1,"minecraft:fern":21}},"DataVersion":3465}