{"stats":{"minecraft:crafted":{"biomesoplenty:fir_planks":4,"minecraft:crafting_table":1},"minecraft:picked_up":{"botania:magenta_mystical_flower":1,"minecraft:wheat_seeds":3,"minecraft:spruce_planks":1,"biomesoplenty:fir_log":1,"minecraft:sugar_cane":1},"minecraft:dropped":{"minecraft:wheat_seeds":3},"minecraft:used":{"minecraft:crafting_table":1,"minecraft:cooked_porkchop":3,"botania:magenta_mystical_flower":1,"minecraft:spruce_planks":1,"minecraft:sugar_cane":1},"minecraft:custom":{"minecraft:time_since_rest":31517,"minecraft:open_chest":1,"minecraft:crouch_one_cm":219,"minecraft:play_time":31517,"minecraft:sprint_one_cm":35820,"minecraft:damage_taken":260,"minecraft:walk_one_cm":17585,"minecraft:sneak_time":137,"minecraft:walk_under_water_one_cm":2442,"minecraft:drop":3,"minecraft:jump":295,"minecraft:leave_game":2,"minecraft:time_since_death":31517,"minecraft:walk_on_water_one_cm":2250,"minecraft:total_world_time":31517,"minecraft:swim_one_cm":5051,"minecraft:fly_one_cm":58502,"minecraft:fall_one_cm":8106},"minecraft:mined":{"minecraft:grass":20,"botania:magenta_mystical_flower":1,"minecraft:spruce_planks":1,"minecraft:sugar_cane":1,"biomesoplenty:fir_log":1,"minecraft:fern":9}},"DataVersion":3465}