{"stats":{"minecraft:crafted":{"biomesoplenty:fir_planks":4,"minecraft:crafting_table":1},"minecraft:picked_up":{"minecraft:wheat_seeds":1,"biomesoplenty:fir_log":1},"minecraft:dropped":{"minecraft:wheat_seeds":1},"minecraft:used":{"minecraft:crafting_table":1,"minecraft:cooked_porkchop":2},"minecraft:custom":{"minecraft:time_since_rest":19517,"minecraft:open_chest":1,"minecraft:play_time":19517,"minecraft:sprint_one_cm":20339,"minecraft:damage_taken":240,"minecraft:walk_one_cm":7908,"minecraft:sneak_time":26,"minecraft:walk_under_water_one_cm":1854,"minecraft:drop":1,"minecraft:jump":170,"minecraft:leave_game":2,"minecraft:time_since_death":19517,"minecraft:walk_on_water_one_cm":1213,"minecraft:total_world_time":19517,"minecraft:swim_one_cm":2616,"minecraft:fly_one_cm":33061,"minecraft:fall_one_cm":5275},"minecraft:mined":{"minecraft:grass":11,"biomesoplenty:fir_log":1,"minecraft:fern":3}},"DataVersion":3465}