{"stats":{"minecraft:used":{"minecraft:cooked_porkchop":1},"minecraft:custom":{"minecraft:jump":73,"minecraft:time_since_rest":7517,"minecraft:walk_on_water_one_cm":5,"minecraft:leave_game":2,"minecraft:sprint_one_cm":5029,"minecraft:play_time":7517,"minecraft:damage_taken":220,"minecraft:time_since_death":7517,"minecraft:walk_one_cm":3305,"minecraft:sneak_time":4,"minecraft:total_world_time":7517,"minecraft:walk_under_water_one_cm":782,"minecraft:swim_one_cm":199,"minecraft:fall_one_cm":1655,"minecraft:fly_one_cm":11332},"minecraft:mined":{"minecraft:grass":2}},"DataVersion":3465}