{"stats":{"minecraft:crafted":{"biomesoplenty:fir_planks":4,"minecraft:crafting_table":1},"minecraft:picked_up":{"botania:magenta_mystical_flower":1,"minecraft:wheat_seeds":6,"minecraft:spruce_planks":1,"biomesoplenty:fir_log":1,"alexsmobs:banana_slug_slime":5,"minecraft:sugar_cane":1},"minecraft:dropped":{"minecraft:wheat_seeds":6},"minecraft:killed":{"alexsmobs:banana_slug":2},"minecraft:used":{"minecraft:crafting_table":1,"minecraft:cooked_porkchop":4,"botania:magenta_mystical_flower":1,"minecraft:spruce_planks":1,"minecraft:sugar_cane":1},"minecraft:custom":{"minecraft:time_since_rest":43517,"minecraft:open_chest":1,"minecraft:crouch_one_cm":219,"minecraft:play_time":43517,"minecraft:sprint_one_cm":60937,"minecraft:damage_taken":270,"minecraft:walk_one_cm":27237,"minecraft:sneak_time":154,"minecraft:walk_under_water_one_cm":2478,"minecraft:mob_kills":2,"minecraft:drop":6,"minecraft:jump":436,"minecraft:damage_dealt":93,"minecraft:leave_game":2,"minecraft:time_since_death":43517,"minecraft:walk_on_water_one_cm":2780,"minecraft:total_world_time":43517,"minecraft:interact_with_crafting_table":2,"minecraft:swim_one_cm":7502,"minecraft:fly_one_cm":92515,"minecraft:fall_one_cm":12586},"minecraft:mined":{"minecraft:grass":28,"botania:magenta_mystical_flower":1,"minecraft:spruce_planks":1,"minecraft:sugar_cane":1,"biomesoplenty:fir_log":1,"minecraft:fern":14}},"DataVersion":3465}